{
  "loss": {
    "mse_only": {
      "pearson_r_mean": 0.79161665110186,
      "snr_db_mean": 4.279869079589844,
      "rmse_mean": 0.612336277961731
    },
    "mse_spec": {
      "pearson_r_mean": 0.6774387614041283,
      "snr_db_mean": 2.627701997756958,
      "rmse_mean": 0.740607500076294
    },
    "mse_band": {
      "pearson_r_mean": 0.07283541102344619,
      "snr_db_mean": -2.936461925506592,
      "rmse_mean": 1.4053739309310913
    },
    "all_losses": {
      "pearson_r_mean": -0.008346153656313492,
      "snr_db_mean": -3.0869898796081543,
      "rmse_mean": 1.4299362897872925
    }
  },
  "window": {
    "T=128": {
      "pearson_r_mean": -0.1452239898409173,
      "snr_db_mean": -3.555209159851074,
      "rmse_mean": 1.5090941190719604
    },
    "T=256": {
      "pearson_r_mean": -0.27937278659618936,
      "snr_db_mean": -4.045548439025879,
      "rmse_mean": 1.596778154373169
    },
    "T=512": {
      "pearson_r_mean": -0.06106491498863382,
      "snr_db_mean": -3.4507193565368652,
      "rmse_mean": 1.490878939628601
    },
    "T=1024": {
      "pearson_r_mean": -0.13568330612405224,
      "snr_db_mean": -4.1580963134765625,
      "rmse_mean": 1.6171561479568481
    }
  }
}