{
  "benchmark_version": "1.0",
  "test_subjects": [
    13,
    14,
    15
  ],
  "train_subjects": [
    1,
    2,
    3,
    4,
    5,
    6,
    7,
    8,
    9,
    10,
    11,
    12
  ],
  "window_size": 40,
  "stride": 20,
  "fs": 20.0,
  "folds": [
    {
      "subject": 13,
      "pearson_r": 0.43894507695717744,
      "pearson_r_per_ch": [
        0.36942500465658745,
        0.3944066145308313,
        0.44816510218536026,
        0.45588289472846716,
        0.398851640171589,
        0.4218787905288622,
        0.44225135913609037,
        0.470534851301575,
        0.4633027737592078,
        0.42618995204022475,
        0.482177569189076,
        0.4942743712582576
      ],
      "snr_db": 0.7960512638092041,
      "rmse": 0.9124262928962708
    },
    {
      "subject": 14,
      "pearson_r": 0.26781472596471545,
      "pearson_r_per_ch": [
        0.26492372785384893,
        0.28194514002048277,
        0.22361956045007886,
        0.25178429171570116,
        0.2503129570137751,
        0.2777573787160516,
        0.2710448824511394,
        0.2584790468230307,
        0.24931394435262805,
        0.25583210938631856,
        0.31016383009430004,
        0.3185998426992302
      ],
      "snr_db": 0.28270891308784485,
      "rmse": 0.8762013912200928
    },
    {
      "subject": 15,
      "pearson_r": 0.3904423020590903,
      "pearson_r_per_ch": [
        0.371815982204515,
        0.39525690017652126,
        0.3817563989380832,
        0.37872761639630176,
        0.4082226461316481,
        0.38557209255375396,
        0.35917044720724733,
        0.36342515154755106,
        0.42730615132627603,
        0.42018533620121834,
        0.38325882845091974,
        0.4106100735750474
      ],
      "snr_db": 0.6835179924964905,
      "rmse": 0.9177575707435608
    }
  ],
  "mean_r": 0.3657340349936611,
  "std_r": 0.07201515166376792,
  "mean_snr": 0.5874260564645132,
  "timestamp": "2026-04-07 18:35:45",
  "model": "closed_form_baseline"
}