{
  "benchmark_version": "1.0",
  "test_subjects": [
    13,
    14,
    15
  ],
  "train_subjects": [
    1,
    2,
    3,
    4,
    5,
    6,
    7,
    8,
    9,
    10,
    11,
    12
  ],
  "window_size": 40,
  "stride": 20,
  "fs": 20.0,
  "folds": [
    {
      "subject": 13,
      "pearson_r": 0.45369410927921167,
      "pearson_r_per_ch": [
        0.4001203163102577,
        0.4209233837760319,
        0.46072883240024426,
        0.47324857347740557,
        0.40753489755168065,
        0.42420632767919947,
        0.45978863156221883,
        0.48088123033125646,
        0.4732923813949536,
        0.4440331880689078,
        0.49357396681588095,
        0.5059975819825017
      ],
      "snr_db": 0.9323558211326599,
      "rmse": 0.8982710838317871
    },
    {
      "subject": 14,
      "pearson_r": 0.26779141640259213,
      "pearson_r_per_ch": [
        0.2702354416126574,
        0.2805267963845016,
        0.23527541279046912,
        0.25374604283474794,
        0.24978049869895846,
        0.27449208905128675,
        0.26713535462175964,
        0.2601917178307819,
        0.2513304060219355,
        0.25404355784161675,
        0.30431630334610266,
        0.3124233757962881
      ],
      "snr_db": 0.24343562126159668,
      "rmse": 0.8801307678222656
    },
    {
      "subject": 15,
      "pearson_r": 0.3984794858117926,
      "pearson_r_per_ch": [
        0.38014940849740164,
        0.39782833132986556,
        0.3843771800316001,
        0.3912124996964016,
        0.41782152612667045,
        0.4006380867554492,
        0.3688884063384221,
        0.3752314037135697,
        0.43150840972019405,
        0.42135708819679435,
        0.3923635426235871,
        0.4203779467115546
      ],
      "snr_db": 0.7480414509773254,
      "rmse": 0.9109748005867004
    }
  ],
  "mean_r": 0.37332167049786547,
  "std_r": 0.07795143598515651,
  "mean_snr": 0.6412776311238607,
  "timestamp": "2026-04-08 08:36:44",
  "model": "iter037_gemma_eeg"
}