{
  "benchmark_version": "1.0",
  "test_subjects": [
    13,
    14,
    15
  ],
  "train_subjects": [
    1,
    2,
    3,
    4,
    5,
    6,
    7,
    8,
    9,
    10,
    11,
    12
  ],
  "window_size": 40,
  "stride": 20,
  "fs": 20.0,
  "folds": [
    {
      "subject": 13,
      "pearson_r": 0.46001117564877386,
      "pearson_r_per_ch": [
        0.3983340755696181,
        0.42070711528318594,
        0.4701513242692861,
        0.47965010449033335,
        0.42130225415747474,
        0.44344169258384786,
        0.4643149499184203,
        0.48862133094796023,
        0.4754221464484466,
        0.4477181252530619,
        0.49926147290415895,
        0.5112095159594919
      ],
      "snr_db": 0.8246940970420837,
      "rmse": 0.9094097018241882
    },
    {
      "subject": 14,
      "pearson_r": 0.27373496894587646,
      "pearson_r_per_ch": [
        0.2737449867833518,
        0.2880225050740162,
        0.23287967286128888,
        0.25941808271323713,
        0.25991282947208305,
        0.2820267220924018,
        0.2737688244707783,
        0.26268073488104404,
        0.2574722539722254,
        0.26316680940624343,
        0.3119646190810589,
        0.3197615865427882
      ],
      "snr_db": 0.3122064173221588,
      "rmse": 0.8732051849365234
    },
    {
      "subject": 15,
      "pearson_r": 0.39984779134951914,
      "pearson_r_per_ch": [
        0.3788907538167707,
        0.3967030973279596,
        0.3917920059565341,
        0.3941234751651575,
        0.41887763171556575,
        0.3977770676120751,
        0.3714960727955462,
        0.37538469242427797,
        0.4313558376152285,
        0.427459765579991,
        0.3949087165861818,
        0.41940437959894167
      ],
      "snr_db": 0.7076868414878845,
      "rmse": 0.9151976108551025
    }
  ],
  "mean_r": 0.37786464531472314,
  "std_r": 0.07761937184361266,
  "mean_snr": 0.614862451950709,
  "timestamp": "2026-04-08 03:55:48",
  "model": "iter017_corr_val"
}