{
  "benchmark_version": "1.0",
  "test_subjects": [
    13,
    14,
    15
  ],
  "train_subjects": [
    1,
    2,
    3,
    4,
    5,
    6,
    7,
    8,
    9,
    10,
    11,
    12
  ],
  "window_size": 40,
  "stride": 20,
  "fs": 20.0,
  "folds": [
    {
      "subject": 13,
      "pearson_r": 0.4575383123120203,
      "pearson_r_per_ch": [
        0.3965048671052296,
        0.4193815912885527,
        0.4681223345713759,
        0.4779365390196369,
        0.41915317621961895,
        0.4426985316417617,
        0.46058494286399515,
        0.48549099286640307,
        0.4718066140387832,
        0.44410634914724206,
        0.4964515252037702,
        0.5082222837778747
      ],
      "snr_db": 0.8219249248504639,
      "rmse": 0.9096997380256653
    },
    {
      "subject": 14,
      "pearson_r": 0.27335553386252903,
      "pearson_r_per_ch": [
        0.2713442928353161,
        0.2875130043372612,
        0.23302160871800917,
        0.25930581004248954,
        0.26025398988773735,
        0.2822180303366756,
        0.2733663234361041,
        0.26253744182358535,
        0.2575250512625592,
        0.26271526815069296,
        0.31131265810601083,
        0.31915292741390644
      ],
      "snr_db": 0.30879268050193787,
      "rmse": 0.873547375202179
    },
    {
      "subject": 15,
      "pearson_r": 0.3990199574120346,
      "pearson_r_per_ch": [
        0.3766420554688829,
        0.39388683513394435,
        0.3915061224785227,
        0.39461828485119516,
        0.4192640060175744,
        0.3961141988824429,
        0.3708965886095875,
        0.37554638137579177,
        0.43087297163943444,
        0.4266587351906299,
        0.39360200180642113,
        0.4186313074899882
      ],
      "snr_db": 0.7090244293212891,
      "rmse": 0.9150559902191162
    }
  ],
  "mean_r": 0.3766379345288613,
  "std_r": 0.07683983420336428,
  "mean_snr": 0.6132473448912302,
  "timestamp": "2026-04-08 07:57:56",
  "model": "iter027_pls_regression"
}