{
  "benchmark_version": "1.0",
  "test_subjects": [
    13,
    14,
    15
  ],
  "train_subjects": [
    1,
    2,
    3,
    4,
    5,
    6,
    7,
    8,
    9,
    10,
    11,
    12
  ],
  "window_size": 40,
  "stride": 20,
  "fs": 20.0,
  "folds": [
    {
      "subject": 13,
      "pearson_r": 0.4548899342664028,
      "pearson_r_per_ch": [
        0.39528694845371615,
        0.4183303249810453,
        0.4662154927629492,
        0.47667369551173105,
        0.4177077980061874,
        0.44038672451580774,
        0.4584282234150227,
        0.48013221319142535,
        0.4699069731966004,
        0.4417246319507524,
        0.49109696720334833,
        0.502789218008248
      ],
      "snr_db": 0.8099934458732605,
      "rmse": 0.9109480977058411
    },
    {
      "subject": 14,
      "pearson_r": 0.27226775904208017,
      "pearson_r_per_ch": [
        0.27196744250862553,
        0.28641825413128313,
        0.2294931205165464,
        0.25735868756236785,
        0.2583108230615944,
        0.2798885391487806,
        0.2732469076899897,
        0.26065954318474177,
        0.2566132900242512,
        0.26250864866700485,
        0.31147011920796086,
        0.31927773280181576
      ],
      "snr_db": 0.3087550103664398,
      "rmse": 0.8735568523406982
    },
    {
      "subject": 15,
      "pearson_r": 0.3985809268672606,
      "pearson_r_per_ch": [
        0.3767972468368879,
        0.39561115684125747,
        0.38999585216030785,
        0.3924387572638282,
        0.41782118153455855,
        0.3960967923608299,
        0.37056055576878494,
        0.3747371780614082,
        0.43042660977654784,
        0.4271181765801221,
        0.39365707732937055,
        0.41771053789322354
      ],
      "snr_db": 0.7024645805358887,
      "rmse": 0.9157485365867615
    }
  ],
  "mean_r": 0.37524620672524783,
  "std_r": 0.07635922382177257,
  "mean_snr": 0.6070710122585297,
  "timestamp": "2026-04-07 19:37:34",
  "model": "iter012_ensemble"
}