{
  "benchmark_version": "1.0",
  "test_subjects": [
    13,
    14,
    15
  ],
  "train_subjects": [
    1,
    2,
    3,
    4,
    5,
    6,
    7,
    8,
    9,
    10,
    11,
    12
  ],
  "window_size": 40,
  "stride": 20,
  "fs": 20.0,
  "folds": [
    {
      "subject": 13,
      "pearson_r": 0.44828072494651866,
      "pearson_r_per_ch": [
        0.3840538134593811,
        0.4054812201911614,
        0.4567492948061581,
        0.46437530279347305,
        0.4086383665516007,
        0.42947003536118,
        0.4533016076646174,
        0.48008269478926774,
        0.4686962062488279,
        0.43812634829699376,
        0.4902192666495175,
        0.5001745425460453
      ],
      "snr_db": 0.7852317690849304,
      "rmse": 0.9135504364967346
    },
    {
      "subject": 14,
      "pearson_r": 0.2678544769382833,
      "pearson_r_per_ch": [
        0.2685878744303897,
        0.28300683581944885,
        0.22429301695982665,
        0.25410609145613167,
        0.25142487856912527,
        0.2757406099053797,
        0.27194988986714286,
        0.25885794266258333,
        0.2502013388939048,
        0.25649341968074224,
        0.30536844942621993,
        0.31422337558850416
      ],
      "snr_db": 0.29797208309173584,
      "rmse": 0.8746381402015686
    },
    {
      "subject": 15,
      "pearson_r": 0.392201186642205,
      "pearson_r_per_ch": [
        0.3732529378215368,
        0.3912319036902868,
        0.3845815287303394,
        0.38423963113804815,
        0.41268322975333466,
        0.3898469044373167,
        0.3611474384637558,
        0.36473330087716893,
        0.42772366595883765,
        0.42247900840672004,
        0.3838859675070615,
        0.41060872292205336
      ],
      "snr_db": 0.6758753657341003,
      "rmse": 0.9185628890991211
    }
  ],
  "mean_r": 0.36944546284233565,
  "std_r": 0.07539573359646759,
  "mean_snr": 0.5863597393035889,
  "timestamp": "2026-04-08 08:10:31",
  "model": "iter035_ledoit_wolf"
}