{
  "benchmark_version": "1.0",
  "test_subjects": [
    13,
    14,
    15
  ],
  "train_subjects": [
    1,
    2,
    3,
    4,
    5,
    6,
    7,
    8,
    9,
    10,
    11,
    12
  ],
  "window_size": 40,
  "stride": 20,
  "fs": 20.0,
  "folds": [
    {
      "subject": 13,
      "pearson_r": 0.4564414894631936,
      "pearson_r_per_ch": [
        0.39658305168661695,
        0.42145035438928463,
        0.46777832010690445,
        0.4782645952298432,
        0.4190076735993735,
        0.44030862285112893,
        0.4606777590236842,
        0.47966611770354356,
        0.47109463508374755,
        0.4443660324470907,
        0.4928533024118515,
        0.5052474090252532
      ],
      "snr_db": 0.8925512433052063,
      "rmse": 0.9023438096046448
    },
    {
      "subject": 14,
      "pearson_r": 0.27189481765896656,
      "pearson_r_per_ch": [
        0.2710212053343976,
        0.28550867424205917,
        0.232848797086472,
        0.2601305910048141,
        0.2574723938425874,
        0.27952025962766974,
        0.27129064746117676,
        0.2615098449972987,
        0.25618561458001476,
        0.26150081366494626,
        0.3091583482551838,
        0.31659062181097797
      ],
      "snr_db": 0.24568484723567963,
      "rmse": 0.8799066543579102
    },
    {
      "subject": 15,
      "pearson_r": 0.3979431661746498,
      "pearson_r_per_ch": [
        0.3757915601797259,
        0.394618250630556,
        0.3891193764937475,
        0.3910125132072338,
        0.41645589297290225,
        0.3959264456970865,
        0.3710095565630757,
        0.375012108109174,
        0.4297520421380953,
        0.42531740366443777,
        0.39422749310660576,
        0.4170753513331581
      ],
      "snr_db": 0.7392833828926086,
      "rmse": 0.9118848443031311
    }
  ],
  "mean_r": 0.37542649109893667,
  "std_r": 0.07700484405045872,
  "mean_snr": 0.6258398244778315,
  "timestamp": "2026-04-08 07:48:20",
  "model": "iter020_instance_norm_fir"
}