{
  "benchmark_version": "1.0",
  "test_subjects": [
    13,
    14,
    15
  ],
  "train_subjects": [
    1,
    2,
    3,
    4,
    5,
    6,
    7,
    8,
    9,
    10,
    11,
    12
  ],
  "window_size": 40,
  "stride": 20,
  "fs": 20.0,
  "folds": [
    {
      "subject": 13,
      "pearson_r": 0.4412961264225492,
      "pearson_r_per_ch": [
        0.3736922356959598,
        0.3977472713199756,
        0.45241305616359717,
        0.45945682181979364,
        0.40199015142086963,
        0.4246350158606085,
        0.4433270829844897,
        0.4717331668038285,
        0.4646135153317849,
        0.42732887502904343,
        0.4838596252439308,
        0.4947566993967086
      ],
      "snr_db": 0.7994993329048157,
      "rmse": 0.9120615124702454
    },
    {
      "subject": 14,
      "pearson_r": 0.26630704630051133,
      "pearson_r_per_ch": [
        0.263602035808385,
        0.2802718167075609,
        0.2228982475240556,
        0.2507918803650496,
        0.24838413143206967,
        0.27509801738316864,
        0.2690933642454298,
        0.25661705610869506,
        0.24797053209658967,
        0.2546068461340051,
        0.30914272922893077,
        0.31720789857219645
      ],
      "snr_db": 0.27722033858299255,
      "rmse": 0.8767549395561218
    },
    {
      "subject": 15,
      "pearson_r": 0.3901359421092118,
      "pearson_r_per_ch": [
        0.37163194615304057,
        0.39414887208115573,
        0.3821754381360962,
        0.3791866945473993,
        0.4083139861435115,
        0.3867903722205211,
        0.357703253758452,
        0.36216934482219837,
        0.4279142416968875,
        0.41988904157188045,
        0.3822863402061743,
        0.4094217739732248
      ],
      "snr_db": 0.6829348206520081,
      "rmse": 0.9178190231323242
    }
  ],
  "mean_r": 0.3659130382774241,
  "std_r": 0.07346362520786402,
  "mean_snr": 0.5865514973799387,
  "timestamp": "2026-04-07 18:45:54",
  "model": "iter008_subject_finetune"
}