{
  "benchmark_version": "1.0",
  "test_subjects": [
    13,
    14,
    15
  ],
  "train_subjects": [
    1,
    2,
    3,
    4,
    5,
    6,
    7,
    8,
    9,
    10,
    11,
    12
  ],
  "window_size": 40,
  "stride": 20,
  "fs": 20.0,
  "folds": [
    {
      "subject": 13,
      "pearson_r": 0.4550001031844529,
      "pearson_r_per_ch": [
        0.3967500981039167,
        0.42111654295261997,
        0.4675512100522987,
        0.4785420052889832,
        0.41929228291732995,
        0.4406328604943292,
        0.4565271548987402,
        0.4757152963584566,
        0.4696241375454879,
        0.4425479862604359,
        0.4897252958404986,
        0.5019763675003374
      ],
      "snr_db": 0.8836788535118103,
      "rmse": 0.903264045715332
    },
    {
      "subject": 14,
      "pearson_r": 0.2712413144637921,
      "pearson_r_per_ch": [
        0.2703814940957197,
        0.2845889121144976,
        0.23237679430764113,
        0.2594146842829891,
        0.25627804166211426,
        0.2790507104504689,
        0.27047978849411075,
        0.2612935875505462,
        0.25612909515213816,
        0.26100841444937695,
        0.3084200163216178,
        0.3154742346842847
      ],
      "snr_db": 0.2496851235628128,
      "rmse": 0.8794999122619629
    },
    {
      "subject": 15,
      "pearson_r": 0.39757683901442126,
      "pearson_r_per_ch": [
        0.37509084834387135,
        0.3935473912314968,
        0.38823783789116695,
        0.3905095358716924,
        0.41699581369432187,
        0.39562426727163524,
        0.37084182412937733,
        0.37472600271894585,
        0.42957160734554556,
        0.4251358799771457,
        0.39384592944474534,
        0.41679513025311105
      ],
      "snr_db": 0.7360144257545471,
      "rmse": 0.9122268557548523
    }
  ],
  "mean_r": 0.3746060855542221,
  "std_r": 0.07675747409391934,
  "mean_snr": 0.6231261342763901,
  "timestamp": "2026-04-08 07:55:16",
  "model": "iter026_noise_augment"
}