{
  "benchmark_version": "1.0",
  "test_subjects": [
    13,
    14,
    15
  ],
  "train_subjects": [
    1,
    2,
    3,
    4,
    5,
    6,
    7,
    8,
    9,
    10,
    11,
    12
  ],
  "window_size": 40,
  "stride": 20,
  "fs": 20.0,
  "folds": [
    {
      "subject": 13,
      "pearson_r": 0.3107931637078179,
      "pearson_r_per_ch": [
        0.2521775039546217,
        0.27249475750052427,
        0.31233469066464103,
        0.31942184180559496,
        0.2648462628198721,
        0.2887756871719241,
        0.33125639163674553,
        0.3451863600395843,
        0.340316864648872,
        0.3202607126711171,
        0.3401256366341005,
        0.342321254946217
      ],
      "snr_db": 0.3070329427719116,
      "rmse": 0.9652290940284729
    },
    {
      "subject": 14,
      "pearson_r": 0.18591943567006766,
      "pearson_r_per_ch": [
        0.18621406223104625,
        0.19338605377212498,
        0.15547843027834404,
        0.17977602866431286,
        0.16713657659964332,
        0.18798902438152998,
        0.19011032533234362,
        0.17639800667043168,
        0.16591319169114524,
        0.172159498297347,
        0.2267383989247092,
        0.22973363119783402
      ],
      "snr_db": 0.15323284268379211,
      "rmse": 0.8892712593078613
    },
    {
      "subject": 15,
      "pearson_r": 0.2732194460270778,
      "pearson_r_per_ch": [
        0.2692246077607817,
        0.2907382518440076,
        0.27267339627859033,
        0.27134662308701263,
        0.2818897111678799,
        0.2674540492001228,
        0.23941272802860036,
        0.24193470814060672,
        0.2898708449075224,
        0.2884258680165247,
        0.2628080494127671,
        0.3028545144805182
      ],
      "snr_db": 0.2749699354171753,
      "rmse": 0.961985170841217
    }
  ],
  "mean_r": 0.2566440151349878,
  "std_r": 0.05230946804327327,
  "mean_snr": 0.245078573624293,
  "timestamp": "2026-04-08 03:22:49",
  "model": "iter014_lw_long_fir"
}