{
  "benchmark_version": "1.0",
  "test_subjects": [
    13,
    14,
    15
  ],
  "train_subjects": [
    1,
    2,
    3,
    4,
    5,
    6,
    7,
    8,
    9,
    10,
    11,
    12
  ],
  "window_size": 40,
  "stride": 20,
  "fs": 20.0,
  "folds": [
    {
      "subject": 13,
      "pearson_r": 0.45372850692996264,
      "pearson_r_per_ch": [
        0.395460898333524,
        0.41757319579427704,
        0.46610074191652534,
        0.4762482088001134,
        0.4181118004546087,
        0.4410818661208487,
        0.4541240430553935,
        0.4774345159239035,
        0.4684136534090737,
        0.4395799181790181,
        0.49011660862979917,
        0.5004966325424665
      ],
      "snr_db": 0.8127872943878174,
      "rmse": 0.9106561541557312
    },
    {
      "subject": 14,
      "pearson_r": 0.271989243933107,
      "pearson_r_per_ch": [
        0.2727208371572596,
        0.286077456318498,
        0.23082258835840114,
        0.2579131086371336,
        0.2586400501233838,
        0.27981806272803905,
        0.27293992370267495,
        0.2609711264439758,
        0.2552697104747467,
        0.2613420854716331,
        0.3097629028501021,
        0.3175930749314361
      ],
      "snr_db": 0.30354008078575134,
      "rmse": 0.8740755915641785
    },
    {
      "subject": 15,
      "pearson_r": 0.39846892671900824,
      "pearson_r_per_ch": [
        0.37638931226206407,
        0.3947954960746457,
        0.3897516343498758,
        0.3933671552398529,
        0.41735246420614125,
        0.39565336687857505,
        0.3702203436529653,
        0.3746042165852771,
        0.4300581029347312,
        0.4278350411298569,
        0.39331924276678387,
        0.4182807445473294
      ],
      "snr_db": 0.7062644362449646,
      "rmse": 0.9153499007225037
    }
  ],
  "mean_r": 0.3747288925273593,
  "std_r": 0.07607006352140355,
  "mean_snr": 0.6075306038061777,
  "timestamp": "2026-04-08 03:35:54",
  "model": "iter014_lw_long_fir"
}