{
  "benchmark_version": "1.0",
  "test_subjects": [
    13,
    14,
    15
  ],
  "train_subjects": [
    1,
    2,
    3,
    4,
    5,
    6,
    7,
    8,
    9,
    10,
    11,
    12
  ],
  "window_size": 40,
  "stride": 20,
  "fs": 20.0,
  "folds": [
    {
      "subject": 13,
      "pearson_r": 0.43931310135249774,
      "pearson_r_per_ch": [
        0.37048097486837783,
        0.3952428451183962,
        0.4442271677799736,
        0.45470745315299715,
        0.4003519471148516,
        0.42300742756597215,
        0.4440342320647105,
        0.47226527535226676,
        0.4624848447968675,
        0.4301754393921119,
        0.48262417769634636,
        0.4921554313271013
      ],
      "snr_db": 0.8022633194923401,
      "rmse": 0.9117724299430847
    },
    {
      "subject": 14,
      "pearson_r": 0.26828738579344774,
      "pearson_r_per_ch": [
        0.26710252326521483,
        0.28129580911948093,
        0.222947181792524,
        0.2538791419922879,
        0.2532274507596439,
        0.27677401257885037,
        0.2727032056990748,
        0.2598561422407711,
        0.25100805837425666,
        0.2559468472614698,
        0.3077753205473795,
        0.31693293589041954
      ],
      "snr_db": 0.27942952513694763,
      "rmse": 0.8765204548835754
    },
    {
      "subject": 15,
      "pearson_r": 0.38756756127918024,
      "pearson_r_per_ch": [
        0.3676793182836514,
        0.38645603667781653,
        0.37744887724543846,
        0.37647139829555876,
        0.40772073130985625,
        0.3833930936555776,
        0.3588321590965738,
        0.3631080626599202,
        0.4216230833104617,
        0.41737133436956675,
        0.3814263876051786,
        0.4092802528405626
      ],
      "snr_db": 0.6786441802978516,
      "rmse": 0.9182696342468262
    }
  ],
  "mean_r": 0.36505601614170863,
  "std_r": 0.07161250400118026,
  "mean_snr": 0.5867790083090464,
  "timestamp": "2026-04-08 08:09:35",
  "model": "iter034_cca_ridge"
}