{
  "benchmark_version": "1.0",
  "test_subjects": [
    13,
    14,
    15
  ],
  "train_subjects": [
    1,
    2,
    3,
    4,
    5,
    6,
    7,
    8,
    9,
    10,
    11,
    12
  ],
  "window_size": 40,
  "stride": 20,
  "fs": 20.0,
  "folds": [
    {
      "subject": 13,
      "pearson_r": 0.4531669078326283,
      "pearson_r_per_ch": [
        0.39388400067168233,
        0.4164299063577809,
        0.4651377063513597,
        0.47443007249860397,
        0.4159997886931937,
        0.4389119323979168,
        0.454370830377384,
        0.4795071846158343,
        0.4664647036479002,
        0.4406681072826186,
        0.49000360096039464,
        0.5021950601368689
      ],
      "snr_db": 0.8201113343238831,
      "rmse": 0.9098899960517883
    },
    {
      "subject": 14,
      "pearson_r": 0.2707213398467168,
      "pearson_r_per_ch": [
        0.2705599227499346,
        0.2870568168533239,
        0.22959573309679024,
        0.2569676675201921,
        0.25804453209174466,
        0.2794265761316233,
        0.27118373944689345,
        0.26030102526108195,
        0.25448947143734213,
        0.259194659989979,
        0.30649298503557776,
        0.3153429485461181
      ],
      "snr_db": 0.29613783955574036,
      "rmse": 0.8748156428337097
    },
    {
      "subject": 15,
      "pearson_r": 0.3953005882428214,
      "pearson_r_per_ch": [
        0.37325035388256067,
        0.39080118013567056,
        0.3877830450887315,
        0.39014075930540887,
        0.4142086744043756,
        0.393591570282456,
        0.366707564018041,
        0.37116786505589533,
        0.42711369108263697,
        0.42396073300030734,
        0.38902863110822755,
        0.4158529915495463
      ],
      "snr_db": 0.699556827545166,
      "rmse": 0.9160565733909607
    }
  ],
  "mean_r": 0.3730629453073888,
  "std_r": 0.07612481370275315,
  "mean_snr": 0.6052686671415964,
  "timestamp": "2026-04-08 03:43:09",
  "model": "iter015_correlation_loss"
}