{
  "benchmark_version": "1.0",
  "test_subjects": [
    13,
    14,
    15
  ],
  "train_subjects": [
    1,
    2,
    3,
    4,
    5,
    6,
    7,
    8,
    9,
    10,
    11,
    12
  ],
  "window_size": 40,
  "stride": 20,
  "fs": 20.0,
  "folds": [
    {
      "subject": 13,
      "pearson_r": 0.4549394925865781,
      "pearson_r_per_ch": [
        0.3954948556145463,
        0.4188182747361875,
        0.46630891493360666,
        0.4765213085583445,
        0.41793020784950846,
        0.4412897910359902,
        0.4567047694417762,
        0.4799632090553697,
        0.4693434894177986,
        0.44173722235237395,
        0.4918109344773871,
        0.503350933566049
      ],
      "snr_db": 0.8201116919517517,
      "rmse": 0.909888744354248
    },
    {
      "subject": 14,
      "pearson_r": 0.2713970611501062,
      "pearson_r_per_ch": [
        0.2704925394203906,
        0.28647548839922643,
        0.2304284481105142,
        0.2571178600786956,
        0.2575224652578526,
        0.27974085179384217,
        0.27285083738634064,
        0.25953990221218853,
        0.25448110097579574,
        0.25968097713093624,
        0.3103831522313315,
        0.3180511108041605
      ],
      "snr_db": 0.2992696762084961,
      "rmse": 0.8745114207267761
    },
    {
      "subject": 15,
      "pearson_r": 0.39867366874672183,
      "pearson_r_per_ch": [
        0.37739095324724176,
        0.39452673527024223,
        0.3905080323727355,
        0.3936339561610001,
        0.4175733905328931,
        0.3969430421493226,
        0.37068057045510516,
        0.374558248339964,
        0.4303399297425864,
        0.4273856989007215,
        0.39224222879264165,
        0.41830123899620847
      ],
      "snr_db": 0.7093382477760315,
      "rmse": 0.9150263667106628
    }
  ],
  "mean_r": 0.37500340749446875,
  "std_r": 0.07677745756498859,
  "mean_snr": 0.6095732053120931,
  "timestamp": "2026-04-08 03:48:54",
  "model": "iter016_residual_fir"
}