{
  "benchmark_version": "1.0",
  "test_subjects": [
    13,
    14,
    15
  ],
  "train_subjects": [
    1,
    2,
    3,
    4,
    5,
    6,
    7,
    8,
    9,
    10,
    11,
    12
  ],
  "window_size": 40,
  "stride": 20,
  "fs": 20.0,
  "folds": [
    {
      "subject": 13,
      "pearson_r": 0.37921883580240695,
      "pearson_r_per_ch": [
        0.3202108767805524,
        0.3408763197103631,
        0.3819400278001819,
        0.387764900308994,
        0.3252300738677096,
        0.3492541692336235,
        0.40224263789560055,
        0.4216309512807476,
        0.4183472726347007,
        0.39333971797770423,
        0.4026622082747367,
        0.40712687386396956
      ],
      "snr_db": 0.45373478531837463,
      "rmse": 0.9490702748298645
    },
    {
      "subject": 14,
      "pearson_r": 0.24576206360452013,
      "pearson_r_per_ch": [
        0.24603739037941175,
        0.2617499877628983,
        0.20478305826451718,
        0.23613891861847858,
        0.22667838326814382,
        0.24828398567180582,
        0.2515145810764875,
        0.23527367038003918,
        0.2237635422378474,
        0.23504375659110777,
        0.2876864257002766,
        0.2921910633032281
      ],
      "snr_db": 0.26978233456611633,
      "rmse": 0.8774515986442566
    },
    {
      "subject": 15,
      "pearson_r": 0.3494859099567052,
      "pearson_r_per_ch": [
        0.33718760316982266,
        0.36174496889085855,
        0.33775803613834227,
        0.3390665028071166,
        0.3621218841145675,
        0.3412908411641479,
        0.3231622921737252,
        0.32149386704245864,
        0.3808818529550529,
        0.3730028610616492,
        0.3399624486097347,
        0.37615776135298634
      ],
      "snr_db": 0.43762627243995667,
      "rmse": 0.9441187977790833
    }
  ],
  "mean_r": 0.32482226978787737,
  "std_r": 0.05720663639329925,
  "mean_snr": 0.38704779744148254,
  "timestamp": "2026-04-08 08:21:37",
  "model": "iter033_tta_clean"
}