{
  "benchmark_version": "1.0",
  "test_subjects": [
    13,
    14,
    15
  ],
  "train_subjects": [
    1,
    2,
    3,
    4,
    5,
    6,
    7,
    8,
    9,
    10,
    11,
    12
  ],
  "window_size": 40,
  "stride": 20,
  "fs": 20.0,
  "folds": [
    {
      "subject": 13,
      "pearson_r": 0.4561237368378001,
      "pearson_r_per_ch": [
        0.3957704011002245,
        0.4191932927701741,
        0.46724895196869015,
        0.47752629179902817,
        0.4184673369208569,
        0.44149133806487356,
        0.45865835001486527,
        0.48205704260948956,
        0.47198552370512753,
        0.4430352210063885,
        0.49286078483018425,
        0.505190307263699
      ],
      "snr_db": 0.8110397458076477,
      "rmse": 0.9108391404151917
    },
    {
      "subject": 14,
      "pearson_r": 0.2734342314973163,
      "pearson_r_per_ch": [
        0.27323884592313563,
        0.2876169868716961,
        0.23215836026212397,
        0.25937570106390345,
        0.2598360113617455,
        0.2813770027851937,
        0.274524477139061,
        0.2617758365624703,
        0.25689589029518917,
        0.26270517090509937,
        0.3120691885463963,
        0.3196373062517808
      ],
      "snr_db": 0.3139490783214569,
      "rmse": 0.8730318546295166
    },
    {
      "subject": 15,
      "pearson_r": 0.3994079580371275,
      "pearson_r_per_ch": [
        0.37791215774478315,
        0.3960798546021951,
        0.3906465350105322,
        0.3941195950914533,
        0.4185119974784991,
        0.39680404497094734,
        0.37167686964231633,
        0.3760494305431198,
        0.4305020409353721,
        0.4275405029585672,
        0.3944027324432555,
        0.4186497350244888
      ],
      "snr_db": 0.7028203010559082,
      "rmse": 0.9157107472419739
    }
  ],
  "mean_r": 0.3763219754574146,
  "std_r": 0.07634826251740885,
  "mean_snr": 0.6092697083950043,
  "timestamp": "2026-04-07 19:35:04",
  "model": "iter011_channel_dropout"
}