{
  "benchmark_version": "1.0",
  "test_subjects": [
    13,
    14,
    15
  ],
  "train_subjects": [
    1,
    2,
    3,
    4,
    5,
    6,
    7,
    8,
    9,
    10,
    11,
    12
  ],
  "window_size": 40,
  "stride": 20,
  "fs": 20.0,
  "folds": [
    {
      "subject": 13,
      "pearson_r": 0.4566032845660142,
      "pearson_r_per_ch": [
        0.396918166845601,
        0.42156775827643195,
        0.4673235319055005,
        0.47834492990992883,
        0.4191274379012488,
        0.44013092193510994,
        0.4603491898217533,
        0.4795505834554433,
        0.4715770027295082,
        0.44538626436807977,
        0.49369229779427737,
        0.505271329849287
      ],
      "snr_db": 0.890450656414032,
      "rmse": 0.9025616645812988
    },
    {
      "subject": 14,
      "pearson_r": 0.2722016350316094,
      "pearson_r_per_ch": [
        0.2714965149500198,
        0.2857590875574182,
        0.23311052905628912,
        0.26012369362982046,
        0.2574290976429042,
        0.2801458625394038,
        0.27116034039619547,
        0.2620149573071417,
        0.2566515297030742,
        0.26188647867210296,
        0.3098157250643,
        0.31682580386064246
      ],
      "snr_db": 0.25323954224586487,
      "rmse": 0.8791429400444031
    },
    {
      "subject": 15,
      "pearson_r": 0.39845234993152934,
      "pearson_r_per_ch": [
        0.3763703202154247,
        0.3946903229252675,
        0.3889702238981897,
        0.3913795229085324,
        0.4172122929438398,
        0.39637162471990495,
        0.37146270416076765,
        0.37558774283601637,
        0.4305510062139664,
        0.4259473616476586,
        0.395030622719181,
        0.41785445398960247
      ],
      "snr_db": 0.7393100261688232,
      "rmse": 0.9118812680244446
    }
  ],
  "mean_r": 0.3757524231763843,
  "std_r": 0.07697383578753271,
  "mean_snr": 0.6276667416095734,
  "timestamp": "2026-04-08 07:53:41",
  "model": "iter025_cosine_loss_schedule"
}