{
  "benchmark_version": "1.0",
  "test_subjects": [
    13,
    14,
    15
  ],
  "train_subjects": [
    1,
    2,
    3,
    4,
    5,
    6,
    7,
    8,
    9,
    10,
    11,
    12
  ],
  "window_size": 40,
  "stride": 20,
  "fs": 20.0,
  "folds": [
    {
      "subject": 13,
      "pearson_r": 0.45417412652907624,
      "pearson_r_per_ch": [
        0.3960583611363111,
        0.42024447543312277,
        0.4665954853589772,
        0.47689482114112924,
        0.4185067222304839,
        0.4391903783087327,
        0.45552250025195756,
        0.47384065004764064,
        0.4696647893517658,
        0.44242688387596874,
        0.4889432637763318,
        0.502201187436493
      ],
      "snr_db": 0.873940646648407,
      "rmse": 0.9042758345603943
    },
    {
      "subject": 14,
      "pearson_r": 0.2734019857982699,
      "pearson_r_per_ch": [
        0.27280439437611803,
        0.28675361751340134,
        0.23396307886886317,
        0.2615529903416567,
        0.25784485748462005,
        0.28078050800916093,
        0.2721147576364295,
        0.26317790123119217,
        0.2578595313084817,
        0.26327892412100545,
        0.31189100625637906,
        0.3188022624319313
      ],
      "snr_db": 0.27155792713165283,
      "rmse": 0.8772967457771301
    },
    {
      "subject": 15,
      "pearson_r": 0.3962747300695024,
      "pearson_r_per_ch": [
        0.3730665055283182,
        0.3910435125450704,
        0.3869151216770804,
        0.3893028807684593,
        0.4148337916269649,
        0.3945527856202467,
        0.36966287089117783,
        0.3739742431542378,
        0.42850130411234355,
        0.42473642436324427,
        0.3926708474891136,
        0.4160364730577714
      ],
      "snr_db": 0.7262320518493652,
      "rmse": 0.9132528305053711
    }
  ],
  "mean_r": 0.3746169474656162,
  "std_r": 0.07537212737074411,
  "mean_snr": 0.6239102085431417,
  "timestamp": "2026-04-08 07:56:20",
  "model": "iter028_huber_corr"
}