{
  "benchmark_version": "1.0",
  "test_subjects": [
    13,
    14,
    15
  ],
  "train_subjects": [
    1,
    2,
    3,
    4,
    5,
    6,
    7,
    8,
    9,
    10,
    11,
    12
  ],
  "window_size": 40,
  "stride": 20,
  "fs": 20.0,
  "folds": [
    {
      "subject": 13,
      "pearson_r": 0.4583023024116299,
      "pearson_r_per_ch": [
        0.39740342664117007,
        0.4208641109686262,
        0.4685496645119551,
        0.47854879065182154,
        0.41988985209869856,
        0.4420055346734772,
        0.46392800845430243,
        0.48868642409100804,
        0.47142105435434795,
        0.4443263199774159,
        0.49630949185520734,
        0.5076949506615287
      ],
      "snr_db": -4.33154821395874,
      "rmse": 1.655396580696106
    },
    {
      "subject": 14,
      "pearson_r": 0.2722734505729921,
      "pearson_r_per_ch": [
        0.2697428765731635,
        0.28228337790926994,
        0.23509296404824243,
        0.25949190922495935,
        0.2598721479002213,
        0.2815222605020952,
        0.27380579582871073,
        0.26492000640456703,
        0.25713295281476395,
        0.263542666771852,
        0.306454496848796,
        0.3134199520492641
      ],
      "snr_db": -7.541236400604248,
      "rmse": 2.15661358833313
    },
    {
      "subject": 15,
      "pearson_r": 0.3934472191954847,
      "pearson_r_per_ch": [
        0.3706385589139759,
        0.38872425675420186,
        0.3841942247449608,
        0.38669653912376545,
        0.4133028498010998,
        0.39038632377427074,
        0.3656650979525836,
        0.37143360574748857,
        0.42485665481763946,
        0.41990475520871234,
        0.3914258718054801,
        0.41413789170163806
      ],
      "snr_db": -5.785694599151611,
      "rmse": 1.9357452392578125
    }
  ],
  "mean_r": 0.3746743240600356,
  "std_r": 0.07709733943928886,
  "mean_snr": -5.886159737904866,
  "timestamp": "2026-04-08 08:09:49",
  "model": "iter031_pure_corr"
}