{
  "benchmark_version": "1.0",
  "test_subjects": [
    13,
    14,
    15
  ],
  "train_subjects": [
    1,
    2,
    3,
    4,
    5,
    6,
    7,
    8,
    9,
    10,
    11,
    12
  ],
  "window_size": 40,
  "stride": 20,
  "fs": 20.0,
  "folds": [
    {
      "subject": 13,
      "pearson_r": 0.4073995601352512,
      "pearson_r_per_ch": [
        0.35101596299476623,
        0.36931632994879215,
        0.41089722939080514,
        0.41862603025667616,
        0.36318835479368533,
        0.3833349226296505,
        0.41805965964303504,
        0.43872798271654906,
        0.4367883164903964,
        0.4038299507727245,
        0.4459371419973788,
        0.4490728399885549
      ],
      "snr_db": 0.6902005076408386,
      "rmse": 0.9235994219779968
    },
    {
      "subject": 14,
      "pearson_r": 0.2575946588978984,
      "pearson_r_per_ch": [
        0.2540544365853024,
        0.2702700521456448,
        0.22059129645978034,
        0.24389045654209696,
        0.23998197317235498,
        0.2685313134085668,
        0.259810064237754,
        0.2500889042647074,
        0.23865272477104513,
        0.2442279120223106,
        0.29722025127491847,
        0.3038165218902991
      ],
      "snr_db": 0.24122701585292816,
      "rmse": 0.8803660869598389
    },
    {
      "subject": 15,
      "pearson_r": 0.36531047985243287,
      "pearson_r_per_ch": [
        0.34989258795178946,
        0.3723697100205318,
        0.35161318672745884,
        0.35236911737940374,
        0.3804480684049809,
        0.3593037672493563,
        0.34369113359957865,
        0.34761373217895447,
        0.38730310491461456,
        0.38790225340189294,
        0.36051033003335875,
        0.3907087663672737
      ],
      "snr_db": 0.604424774646759,
      "rmse": 0.926158607006073
    }
  ],
  "mean_r": 0.34343489962852747,
  "std_r": 0.0630834519573485,
  "mean_snr": 0.511950766046842,
  "timestamp": "2026-04-08 03:05:39",
  "model": "iter013_band_specific"
}