{
  "benchmark_version": "1.0",
  "test_subjects": [
    13,
    14,
    15
  ],
  "train_subjects": [
    1,
    2,
    3,
    4,
    5,
    6,
    7,
    8,
    9,
    10,
    11,
    12
  ],
  "window_size": 40,
  "stride": 20,
  "fs": 20.0,
  "folds": [
    {
      "subject": 13,
      "pearson_r": 0.46002958962093304,
      "pearson_r_per_ch": [
        0.40003867999789516,
        0.42182028206296596,
        0.47115762360634034,
        0.4806854226135981,
        0.42111242143067773,
        0.44343993867066844,
        0.46400814403837704,
        0.48767609949598273,
        0.47506954291486647,
        0.44721029161543513,
        0.498086479555581,
        0.5100501494488086
      ],
      "snr_db": 0.8037182688713074,
      "rmse": 0.9116050601005554
    },
    {
      "subject": 14,
      "pearson_r": 0.272829206443209,
      "pearson_r_per_ch": [
        0.2733203689151988,
        0.2873488907925143,
        0.2326056205171209,
        0.2588042558065551,
        0.2588712506237116,
        0.2810325572209225,
        0.2730198948634776,
        0.2614203213434904,
        0.25643180141997807,
        0.26204313538975293,
        0.31059767882188144,
        0.31845470160390427
      ],
      "snr_db": 0.31667691469192505,
      "rmse": 0.872752845287323
    },
    {
      "subject": 15,
      "pearson_r": 0.4009621262564389,
      "pearson_r_per_ch": [
        0.3807126068626868,
        0.3986735566756993,
        0.39292247119060436,
        0.39610892371141276,
        0.4201691096262458,
        0.39868698781187867,
        0.3721492731277611,
        0.37651304390198237,
        0.4324882415433666,
        0.4286211901763574,
        0.39523352634915215,
        0.4192665841001184
      ],
      "snr_db": 0.7017436027526855,
      "rmse": 0.9158251285552979
    }
  ],
  "mean_r": 0.37794030744019363,
  "std_r": 0.07813876106720954,
  "mean_snr": 0.6073795954386393,
  "timestamp": "2026-04-08 04:07:24",
  "model": "iter019_swa_combined"
}