{
  "benchmark_version": "1.0",
  "test_subjects": [
    13,
    14,
    15
  ],
  "train_subjects": [
    1,
    2,
    3,
    4,
    5,
    6,
    7,
    8,
    9,
    10,
    11,
    12
  ],
  "window_size": 40,
  "stride": 20,
  "fs": 20.0,
  "folds": [
    {
      "subject": 13,
      "pearson_r": 0.45903412522369186,
      "pearson_r_per_ch": [
        0.39752924760815533,
        0.42084271762111986,
        0.4693575642471248,
        0.47933149546112486,
        0.42063535137099173,
        0.44319292609550676,
        0.4634405887569807,
        0.4863939430743675,
        0.47451173114634687,
        0.4464773427419341,
        0.4975895321694944,
        0.5091070623911559
      ],
      "snr_db": 0.8151617050170898,
      "rmse": 0.9104068875312805
    },
    {
      "subject": 14,
      "pearson_r": 0.2736895597957631,
      "pearson_r_per_ch": [
        0.27383331127222155,
        0.28787381968892106,
        0.23293950428927493,
        0.2592394763115431,
        0.2601232275927064,
        0.2819878856802897,
        0.2737903105500925,
        0.26220301309942073,
        0.2571617011720834,
        0.2631631570730889,
        0.3121927938400042,
        0.3197665169795103
      ],
      "snr_db": 0.31542423367500305,
      "rmse": 0.8728819489479065
    },
    {
      "subject": 15,
      "pearson_r": 0.4008430306628898,
      "pearson_r_per_ch": [
        0.38023765077449756,
        0.39829196268786426,
        0.39222249581679713,
        0.3951012627339379,
        0.4198488707512929,
        0.3982447571431683,
        0.37287173322080763,
        0.37717811413652247,
        0.43229183604947424,
        0.4282318096572691,
        0.39550032808343105,
        0.42009554689961476
      ],
      "snr_db": 0.7066323757171631,
      "rmse": 0.9153080582618713
    }
  ],
  "mean_r": 0.37785557189411495,
  "std_r": 0.07739280513028557,
  "mean_snr": 0.6124061048030853,
  "timestamp": "2026-04-08 08:10:29",
  "model": "iter030_mixup_no_inorm"
}