{
  "benchmark_version": "1.0",
  "test_subjects": [
    13,
    14,
    15
  ],
  "train_subjects": [
    1,
    2,
    3,
    4,
    5,
    6,
    7,
    8,
    9,
    10,
    11,
    12
  ],
  "window_size": 40,
  "stride": 20,
  "fs": 20.0,
  "folds": [
    {
      "subject": 13,
      "pearson_r": 0.4432286544418931,
      "pearson_r_per_ch": [
        0.3881977513324375,
        0.4127835001720871,
        0.45672909602811107,
        0.46696405327427487,
        0.4130444808032539,
        0.43385703233301287,
        0.44550568677999713,
        0.46691362226829447,
        0.4494672381017573,
        0.42436965463850146,
        0.4759923789904727,
        0.48491935858051705
      ],
      "snr_db": 0.8105564713478088,
      "rmse": 0.9109005928039551
    },
    {
      "subject": 14,
      "pearson_r": 0.2724144735117671,
      "pearson_r_per_ch": [
        0.27036253617118844,
        0.2830188171232263,
        0.23017043971601986,
        0.25640798433393924,
        0.25719973076923075,
        0.27902681589296374,
        0.273409776037567,
        0.2628695840259678,
        0.25941293807956844,
        0.2651770356284507,
        0.3131243740258948,
        0.31879365033718854
      ],
      "snr_db": 0.32942333817481995,
      "rmse": 0.871478796005249
    },
    {
      "subject": 15,
      "pearson_r": 0.39244789128368324,
      "pearson_r_per_ch": [
        0.37674727000926517,
        0.39629765072768103,
        0.38233135941832336,
        0.3862565303119361,
        0.4104064249051598,
        0.38960586496132865,
        0.369828188920884,
        0.3699004009330142,
        0.4146926986586,
        0.40989942636069693,
        0.3915093036305572,
        0.4118995765667529
      ],
      "snr_db": 0.6663532257080078,
      "rmse": 0.9195788502693176
    }
  ],
  "mean_r": 0.3693636730791145,
  "std_r": 0.07161951293371828,
  "mean_snr": 0.6021110117435455,
  "timestamp": "2026-04-08 03:59:51",
  "model": "iter018_euclidean_align"
}