{
  "benchmark_version": "1.0",
  "test_subjects": [
    13,
    14,
    15
  ],
  "train_subjects": [
    1,
    2,
    3,
    4,
    5,
    6,
    7,
    8,
    9,
    10,
    11,
    12
  ],
  "window_size": 40,
  "stride": 20,
  "fs": 20.0,
  "folds": [
    {
      "subject": 13,
      "pearson_r": 0.4561137009336677,
      "pearson_r_per_ch": [
        0.3970841668035656,
        0.42151844139594075,
        0.46686535202941765,
        0.4776735712252597,
        0.4190489776385755,
        0.44050829330157293,
        0.45975667073773724,
        0.4787745552042149,
        0.470263707539146,
        0.4441377188831402,
        0.4930333718701925,
        0.5046995845752489
      ],
      "snr_db": 0.8860681653022766,
      "rmse": 0.9030153751373291
    },
    {
      "subject": 14,
      "pearson_r": 0.27201983820723447,
      "pearson_r_per_ch": [
        0.27144048196037585,
        0.285669027424807,
        0.2326675819337043,
        0.2599643937598291,
        0.25706219360515536,
        0.2799159200173173,
        0.2709106875883149,
        0.26167887563740516,
        0.2562006646631785,
        0.26163086729141316,
        0.3102588481360695,
        0.31683851646924416
      ],
      "snr_db": 0.2533859610557556,
      "rmse": 0.8791304230690002
    },
    {
      "subject": 15,
      "pearson_r": 0.39783109659747967,
      "pearson_r_per_ch": [
        0.37556262825693815,
        0.39410509187467563,
        0.3885435144742955,
        0.39056849310804254,
        0.41638780966303734,
        0.39569192082568,
        0.3711537253854176,
        0.3754350790977984,
        0.4301168367847059,
        0.4249797648496095,
        0.394464169159978,
        0.4169641256895776
      ],
      "snr_db": 0.7362308502197266,
      "rmse": 0.9122028350830078
    }
  ],
  "mean_r": 0.3753215452461273,
  "std_r": 0.07682294579058217,
  "mean_snr": 0.6252283255259196,
  "timestamp": "2026-04-08 07:53:29",
  "model": "iter021_mixture_of_experts"
}