{
  "benchmark_version": "1.0",
  "test_subjects": [
    13,
    14,
    15
  ],
  "train_subjects": [
    1,
    2,
    3,
    4,
    5,
    6,
    7,
    8,
    9,
    10,
    11,
    12
  ],
  "window_size": 40,
  "stride": 20,
  "fs": 20.0,
  "folds": [
    {
      "subject": 13,
      "pearson_r": 0.45202291079350826,
      "pearson_r_per_ch": [
        0.38855540746092027,
        0.4125215459808263,
        0.4565948401031849,
        0.4686059207836786,
        0.40574039616841745,
        0.42797112964603196,
        0.45819831202582906,
        0.4815431822227304,
        0.4721101544530156,
        0.44244471166053584,
        0.4978166997867668,
        0.5121726292301618
      ],
      "snr_db": 0.8595870137214661,
      "rmse": 0.9058287143707275
    },
    {
      "subject": 14,
      "pearson_r": 0.27080757073705164,
      "pearson_r_per_ch": [
        0.26840744597928573,
        0.28528482534670746,
        0.23126026122587784,
        0.2549654539720244,
        0.255378188517199,
        0.2809243923826024,
        0.27358571462891457,
        0.26363729494221644,
        0.2523877331528668,
        0.2572451344575465,
        0.30938671502904513,
        0.3172276892103327
      ],
      "snr_db": 0.2761751711368561,
      "rmse": 0.8768236041069031
    },
    {
      "subject": 15,
      "pearson_r": 0.39367323198820103,
      "pearson_r_per_ch": [
        0.3718381832163162,
        0.38799902116588625,
        0.3799737382070301,
        0.38313139947507424,
        0.41481614698061964,
        0.39458704009759504,
        0.3658232316298563,
        0.3729209624185603,
        0.4267104743262362,
        0.42027594995258527,
        0.38887437896181426,
        0.41712825742683907
      ],
      "snr_db": 0.7186394333839417,
      "rmse": 0.91404789686203
    }
  ],
  "mean_r": 0.37216790450625364,
  "std_r": 0.0755275190489032,
  "mean_snr": 0.6181338727474213,
  "timestamp": "2026-04-07 19:32:14",
  "model": "iter010_deep_temporal"
}