{
  "benchmark_version": "1.0",
  "test_subjects": [
    13,
    14,
    15
  ],
  "train_subjects": [
    1,
    2,
    3,
    4,
    5,
    6,
    7,
    8,
    9,
    10,
    11,
    12
  ],
  "window_size": 40,
  "stride": 20,
  "fs": 20.0,
  "folds": [
    {
      "subject": 13,
      "pearson_r": 0.4592660654031731,
      "pearson_r_per_ch": [
        0.39742387861407014,
        0.4203396371631838,
        0.46995999294808843,
        0.48069222621890384,
        0.42050266527527325,
        0.44310748462480265,
        0.4625246919229107,
        0.4873990001825766,
        0.47513175742732683,
        0.4458456245915119,
        0.49791092958753863,
        0.5103548962818909
      ],
      "snr_db": 0.8207662105560303,
      "rmse": 0.9098212122917175
    },
    {
      "subject": 14,
      "pearson_r": 0.2734070401714272,
      "pearson_r_per_ch": [
        0.2731294397794132,
        0.28703982069676687,
        0.2319209966192431,
        0.2595709008298217,
        0.259681621158797,
        0.2816378167676036,
        0.27381536898526465,
        0.2621256178539008,
        0.2571543446236122,
        0.26238938044231874,
        0.31213724226930545,
        0.3202819320310788
      ],
      "snr_db": 0.3107127845287323,
      "rmse": 0.8733587861061096
    },
    {
      "subject": 15,
      "pearson_r": 0.4007551126464317,
      "pearson_r_per_ch": [
        0.38024670263548227,
        0.39869878953872046,
        0.39227333002675785,
        0.39525615492456834,
        0.4199399738815916,
        0.39791821273669936,
        0.3723212072556587,
        0.3767311242600714,
        0.4321852496430396,
        0.42782580118242897,
        0.3952444473095388,
        0.4204203583626233
      ],
      "snr_db": 0.7102994322776794,
      "rmse": 0.9149226546287537
    }
  ],
  "mean_r": 0.37780940607367736,
  "std_r": 0.07759198155572476,
  "mean_snr": 0.6139261424541473,
  "timestamp": "2026-04-08 08:19:25",
  "model": "iter036_acausal_ridge"
}