{
  "benchmark_version": "1.0",
  "test_subjects": [
    13,
    14,
    15
  ],
  "train_subjects": [
    1,
    2,
    3,
    4,
    5,
    6,
    7,
    8,
    9,
    10,
    11,
    12
  ],
  "window_size": 40,
  "stride": 20,
  "fs": 20.0,
  "folds": [
    {
      "subject": 13,
      "pearson_r": 0.4606737279348904,
      "pearson_r_per_ch": [
        0.40177215613275646,
        0.42340127244242787,
        0.473354398449277,
        0.48217727094619395,
        0.4219931835143226,
        0.4445691899540303,
        0.46342545668151075,
        0.48664774106249487,
        0.47535896334671923,
        0.4467633706045654,
        0.4983580211888319,
        0.5102637108955539
      ],
      "snr_db": 0.7922558784484863,
      "rmse": 0.912807285785675
    },
    {
      "subject": 14,
      "pearson_r": 0.27154356243431976,
      "pearson_r_per_ch": [
        0.2724831798059122,
        0.2868528317017034,
        0.23209230334897796,
        0.257369303598596,
        0.2572724559976993,
        0.2791342362322745,
        0.2718356691149964,
        0.26041127481579956,
        0.2554479688980232,
        0.26061141805251087,
        0.3084976914965973,
        0.3165144161487465
      ],
      "snr_db": 0.31677141785621643,
      "rmse": 0.872738778591156
    },
    {
      "subject": 15,
      "pearson_r": 0.4002619699056396,
      "pearson_r_per_ch": [
        0.3796827504717293,
        0.39762731736472123,
        0.3924340142824196,
        0.3957060865972536,
        0.41929247354219407,
        0.3992245257056819,
        0.3716300647540156,
        0.37527129275729043,
        0.43166417456043255,
        0.42744423800713904,
        0.39471240611361363,
        0.4184542947111852
      ],
      "snr_db": 0.6929416656494141,
      "rmse": 0.9167532324790955
    }
  ],
  "mean_r": 0.37749308675828325,
  "std_r": 0.07887277268023395,
  "mean_snr": 0.6006563206513723,
  "timestamp": "2026-04-08 08:10:01",
  "model": "iter032_high_dropout"
}