{
  "benchmark_version": "1.0",
  "test_subjects": [
    13,
    14,
    15
  ],
  "train_subjects": [
    1,
    2,
    3,
    4,
    5,
    6,
    7,
    8,
    9,
    10,
    11,
    12
  ],
  "window_size": 40,
  "stride": 20,
  "fs": 20.0,
  "folds": [
    {
      "subject": 13,
      "pearson_r": 0.45501975717420295,
      "pearson_r_per_ch": [
        0.39641375364139475,
        0.42050583912839495,
        0.4667508096837613,
        0.47743548790767015,
        0.4189497290880092,
        0.43964195318209304,
        0.45750865630381105,
        0.47631289468233234,
        0.46984645778594103,
        0.4430122419349971,
        0.4910481036303778,
        0.5028111591216521
      ],
      "snr_db": 0.8234754204750061,
      "rmse": 0.9095359444618225
    },
    {
      "subject": 14,
      "pearson_r": 0.2721643994832184,
      "pearson_r_per_ch": [
        0.2716034981372348,
        0.28592302508942147,
        0.23314820857146631,
        0.260596470579659,
        0.25706989517388884,
        0.2797290469227343,
        0.271590708400052,
        0.2619526936921701,
        0.25635713489111867,
        0.2614448354097403,
        0.3097214763502354,
        0.3168358005809005
      ],
      "snr_db": 0.3011026680469513,
      "rmse": 0.8743155002593994
    },
    {
      "subject": 15,
      "pearson_r": 0.3972391713078936,
      "pearson_r_per_ch": [
        0.37517457184197617,
        0.393610719499383,
        0.38801208314349095,
        0.39002227136694795,
        0.41606764596580287,
        0.39562054995579177,
        0.3703588678460997,
        0.3746154568302529,
        0.42918154157269944,
        0.42445597485040815,
        0.3933351589029799,
        0.4164152139188914
      ],
      "snr_db": 0.7062861323356628,
      "rmse": 0.9153489470481873
    }
  ],
  "mean_r": 0.3748077759884383,
  "std_r": 0.07631686611777562,
  "mean_snr": 0.6102880736192068,
  "timestamp": "2026-04-08 07:50:21",
  "model": "iter024_mixup_inorm"
}