{
  "benchmark_version": "1.0",
  "test_subjects": [
    13,
    14,
    15
  ],
  "train_subjects": [
    1,
    2,
    3,
    4,
    5,
    6,
    7,
    8,
    9,
    10,
    11,
    12
  ],
  "window_size": 40,
  "stride": 20,
  "fs": 20.0,
  "folds": [
    {
      "subject": 13,
      "pearson_r": 0.45060434757658485,
      "pearson_r_per_ch": [
        0.3818679173392496,
        0.40770858916787583,
        0.4567400822173241,
        0.4667142707846805,
        0.40857127993773334,
        0.4341028106417126,
        0.45865738139058365,
        0.48203584709836866,
        0.47008822560617397,
        0.4405714529201926,
        0.4945595911092388,
        0.5056347227058854
      ],
      "snr_db": 0.8412508964538574,
      "rmse": 0.9076912999153137
    },
    {
      "subject": 14,
      "pearson_r": 0.2730159575147664,
      "pearson_r_per_ch": [
        0.27057704747019035,
        0.28730863175427984,
        0.23009351983935178,
        0.2577650854706786,
        0.25973554707226226,
        0.2810993330132554,
        0.27415536836079746,
        0.2634900219743712,
        0.25721374586378337,
        0.26233658204825383,
        0.3127305409275597,
        0.3196860663824138
      ],
      "snr_db": 0.2873781621456146,
      "rmse": 0.875711977481842
    },
    {
      "subject": 15,
      "pearson_r": 0.3946825079076765,
      "pearson_r_per_ch": [
        0.3710075672491379,
        0.38945212484957364,
        0.384870395009712,
        0.38636529400884556,
        0.41513569753807866,
        0.3906795119257044,
        0.3699103854433728,
        0.3723233036274961,
        0.4266676060403042,
        0.42361876514785374,
        0.39012103591534775,
        0.41603840813669063
      ],
      "snr_db": 0.7104838490486145,
      "rmse": 0.91490238904953
    }
  ],
  "mean_r": 0.37276760433300926,
  "std_r": 0.07413773811945062,
  "mean_snr": 0.6130376358826956,
  "timestamp": "2026-04-07 18:57:26",
  "model": "iter009_fir_real"
}