{
  "closed_form": {
    "pearson_r": 0.34301748010089894,
    "pearson_r_per_ch": [
      0.45526816491543687,
      0.34332440669538533,
      0.2417537955858545,
      0.26351517114143097,
      0.25808283527499004,
      0.2671622346665734,
      0.33544281303572127,
      0.3823893563772563,
      0.3951298976657679,
      0.3621040548349648,
      0.41008714091495285,
      0.40194989010245263
    ],
    "rmse": 0.898378849029541,
    "snr_db": 0.5247528553009033
  },
  "conv_encoder": {
    "pearson_r": 0.34761154127573507,
    "pearson_r_per_ch": [
      0.4729868632261969,
      0.3598063311564868,
      0.24545054777528633,
      0.26341859392861144,
      0.2585205797655262,
      0.26593095613571605,
      0.3299206976659854,
      0.3817219118444485,
      0.4038783369285511,
      0.37198229390054877,
      0.41068776753635117,
      0.40703361544511263
    ],
    "rmse": 0.8967493176460266,
    "snr_db": 0.5395107865333557
  }
}